Passa-se isto1,Demo-Teacher
Passa-se isto2,Demo-Teacher
Passa-se isto3,Demo-Teacher
Passa-se isto4,Demo-Teacher
Passa-se isto5,Demo-Teacher
Passa-se isto6,Demo-Teacher
Passa-se isto7,Demo-Teacher
Passa-se isto8,Demo-Teacher
Passa-se isto9,Demo-Teacher
Passa-se isto10,Demo-Teacher
Passa-se isto11,Demo-Teacher
Passa-se isto12,Demo-Teacher
Passa-se isto13,Demo-Teacher
Passa-se isto14,Demo-Teacher
Passa-se isto15,Demo-Teacher
Passa-se isto16,Demo-Teacher
Passa-se isto17,Demo-Teacher
Passa-se isto18,Demo-Teacher
Passa-se isto19,Demo-Teacher
Passa-se isto20,Demo-Teacher
Passa-se isto21,Demo-Teacher
Passa-se isto22,Demo-Teacher
Passa-se isto23,Demo-Teacher
Passa-se isto24,Demo-Teacher
Passa-se isto25,Demo-Teacher
Passa-se isto26,Demo-Teacher
Passa-se isto27,Demo-Teacher
Passa-se isto28,Demo-Teacher
Passa-se isto29,Demo-Teacher
Passa-se isto30,Demo-Teacher
Passa-se isto31,Demo-Teacher
Passa-se isto32,Demo-Teacher
Passa-se isto33,Demo-Teacher
Passa-se isto34,Demo-Teacher
Passa-se isto35,Demo-Teacher
Passa-se isto36,Demo-Teacher
Passa-se isto37,Demo-Teacher
Passa-se isto38,Demo-Teacher
Passa-se isto39,Demo-Teacher
Passa-se isto40,Demo-Teacher
Passa-se isto41,Demo-Teacher
Passa-se isto42,Demo-Teacher
Passa-se isto43,Demo-Teacher
Passa-se isto44,Demo-Teacher
Passa-se isto45,Demo-Teacher
Passa-se isto46,Demo-Teacher
Passa-se isto47,Demo-Teacher
Passa-se isto48,Demo-Teacher
Passa-se isto49,Demo-Teacher
Passa-se isto50,Demo-Teacher
Passa-se isto51,Demo-Teacher
Passa-se isto52,Demo-Teacher
Passa-se isto53,Demo-Teacher
Passa-se isto54,Demo-Teacher
Passa-se isto55,Demo-Teacher
Passa-se isto56,Demo-Teacher
Passa-se isto57,Demo-Teacher
Passa-se isto58,Demo-Teacher
Passa-se isto59,Demo-Teacher
Passa-se isto60,Demo-Teacher
Passa-se isto61,Demo-Teacher
Passa-se isto62,Demo-Teacher
Passa-se isto63,Demo-Teacher
Passa-se isto64,Demo-Teacher
Passa-se isto65,Demo-Teacher
Passa-se isto66,Demo-Teacher
Passa-se isto67,Demo-Teacher
Passa-se isto68,Demo-Teacher
Passa-se isto69,Demo-Teacher
Passa-se isto70,Demo-Teacher
Passa-se isto71,Demo-Teacher
Passa-se isto72,Demo-Teacher
Passa-se isto73,Demo-Teacher
Passa-se isto74,Demo-Teacher
Passa-se isto75,Demo-Teacher
Passa-se isto76,Demo-Teacher
Passa-se isto77,Demo-Teacher
Passa-se isto78,Demo-Teacher
Passa-se isto79,Demo-Teacher
Passa-se isto80,Demo-Teacher
Passa-se isto81,Demo-Teacher
Passa-se isto82,Demo-Teacher
Passa-se isto83,Demo-Teacher
Passa-se isto84,Demo-Teacher
Passa-se isto85,Demo-Teacher
Passa-se isto86,Demo-Teacher
Passa-se isto87,Demo-Teacher
Passa-se isto88,Demo-Teacher
Passa-se isto89,Demo-Teacher
Passa-se isto90,Demo-Teacher
Passa-se isto91,Demo-Teacher
Passa-se isto92,Demo-Teacher
Passa-se isto93,Demo-Teacher
Passa-se isto94,Demo-Teacher
Passa-se isto95,Demo-Teacher
Passa-se isto96,Demo-Teacher
Passa-se isto97,Demo-Teacher
Passa-se isto98,Demo-Teacher
Passa-se isto99,Demo-Teacher
Passa-se isto100,Demo-Teacher
Passa-se isto101,Demo-Teacher
Passa-se isto102,Demo-Teacher
Passa-se isto103,Demo-Teacher
Passa-se isto104,Demo-Teacher
Passa-se isto105,Demo-Teacher
Passa-se isto106,Demo-Teacher
Passa-se isto107,Demo-Teacher
Passa-se isto108,Demo-Teacher
Passa-se isto109,Demo-Teacher
Passa-se isto110,Demo-Teacher
Passa-se isto111,Demo-Teacher
Passa-se isto112,Demo-Teacher
Passa-se isto113,Demo-Teacher
Passa-se isto114,Demo-Teacher
Passa-se isto115,Demo-Teacher
Passa-se isto116,Demo-Teacher
Passa-se isto117,Demo-Teacher
Passa-se isto118,Demo-Teacher
Passa-se isto119,Demo-Teacher
Passa-se isto120,Demo-Teacher
Passa-se isto121,Demo-Teacher
Passa-se isto122,Demo-Teacher
Passa-se isto123,Demo-Teacher
Passa-se isto124,Demo-Teacher
Passa-se isto125,Demo-Teacher
Passa-se isto126,Demo-Teacher
Passa-se isto127,Demo-Teacher
Passa-se isto128,Demo-Teacher
Passa-se isto129,Demo-Teacher
Passa-se isto130,Demo-Teacher
Passa-se isto131,Demo-Teacher
Passa-se isto132,Demo-Teacher
Passa-se isto133,Demo-Teacher
Passa-se isto134,Demo-Teacher
Passa-se isto135,Demo-Teacher
Passa-se isto136,Demo-Teacher
Passa-se isto137,Demo-Teacher
Passa-se isto138,Demo-Teacher
Passa-se isto139,Demo-Teacher
Passa-se isto140,Demo-Teacher
Passa-se isto141,Demo-Teacher
Passa-se isto142,Demo-Teacher
Passa-se isto143,Demo-Teacher
Passa-se isto144,Demo-Teacher
Passa-se isto145,Demo-Teacher
Passa-se isto146,Demo-Teacher
Passa-se isto147,Demo-Teacher
Passa-se isto148,Demo-Teacher
Passa-se isto149,Demo-Teacher
Passa-se isto150,Demo-Teacher
Passa-se isto151,Demo-Teacher
Passa-se isto152,Demo-Teacher
Passa-se isto153,Demo-Teacher
Passa-se isto154,Demo-Teacher
Passa-se isto155,Demo-Teacher
Passa-se isto156,Demo-Teacher
Passa-se isto157,Demo-Teacher
Passa-se isto158,Demo-Teacher
Passa-se isto159,Demo-Teacher
Passa-se isto160,Demo-Teacher
Passa-se isto161,Demo-Teacher
Passa-se isto162,Demo-Teacher
Passa-se isto163,Demo-Teacher
Passa-se isto164,Demo-Teacher
Passa-se isto165,Demo-Teacher
Passa-se isto166,Demo-Teacher
Passa-se isto167,Demo-Teacher
Passa-se isto168,Demo-Teacher
Passa-se isto169,Demo-Teacher
Passa-se isto170,Demo-Teacher
Passa-se isto171,Demo-Teacher
Passa-se isto172,Demo-Teacher
Passa-se isto173,Demo-Teacher
Passa-se isto174,Demo-Teacher
Passa-se isto175,Demo-Teacher
Passa-se isto176,Demo-Teacher
Passa-se isto177,Demo-Teacher
Passa-se isto178,Demo-Teacher
Passa-se isto179,Demo-Teacher
Passa-se isto180,Demo-Teacher
Passa-se isto181,Demo-Teacher
Passa-se isto182,Demo-Teacher
Passa-se isto183,Demo-Teacher
Passa-se isto184,Demo-Teacher
Passa-se isto185,Demo-Teacher
Passa-se isto186,Demo-Teacher
Passa-se isto187,Demo-Teacher
Passa-se isto188,Demo-Teacher
Passa-se isto189,Demo-Teacher
Passa-se isto190,Demo-Teacher
Passa-se isto191,Demo-Teacher
Passa-se isto192,Demo-Teacher
Passa-se isto193,Demo-Teacher
Passa-se isto194,Demo-Teacher
Passa-se isto195,Demo-Teacher
Passa-se isto196,Demo-Teacher
Passa-se isto197,Demo-Teacher
Passa-se isto198,Demo-Teacher
Passa-se isto199,Demo-Teacher
Passa-se isto200,Demo-Teacher
Passa-se isto201,Demo-Teacher
Passa-se isto202,Demo-Teacher
Passa-se isto203,Demo-Teacher
Passa-se isto204,Demo-Teacher
Passa-se isto205,Demo-Teacher
Passa-se isto206,Demo-Teacher
Passa-se isto207,Demo-Teacher
Passa-se isto208,Demo-Teacher
Passa-se isto209,Demo-Teacher
Passa-se isto210,Demo-Teacher
Passa-se isto211,Demo-Teacher
Passa-se isto212,Demo-Teacher
Passa-se isto213,Demo-Teacher
Passa-se isto214,Demo-Teacher
Passa-se isto215,Demo-Teacher
Passa-se isto216,Demo-Teacher
Passa-se isto217,Demo-Teacher
Passa-se isto218,Demo-Teacher
Passa-se isto219,Demo-Teacher
Passa-se isto220,Demo-Teacher
Passa-se isto221,Demo-Teacher
Passa-se isto222,Demo-Teacher
Passa-se isto223,Demo-Teacher
Passa-se isto224,Demo-Teacher
Passa-se isto225,Demo-Teacher
Passa-se isto226,Demo-Teacher
Passa-se isto227,Demo-Teacher
Passa-se isto228,Demo-Teacher
Passa-se isto229,Demo-Teacher
Passa-se isto230,Demo-Teacher
Passa-se isto231,Demo-Teacher
Passa-se isto232,Demo-Teacher
Passa-se isto233,Demo-Teacher
Passa-se isto234,Demo-Teacher
Passa-se isto235,Demo-Teacher
Passa-se isto236,Demo-Teacher
Passa-se isto237,Demo-Teacher
Passa-se isto238,Demo-Teacher
Passa-se isto239,Demo-Teacher
Passa-se isto240,Demo-Teacher
Passa-se isto241,Demo-Teacher
Passa-se isto242,Demo-Teacher
Passa-se isto243,Demo-Teacher
Passa-se isto244,Demo-Teacher
Passa-se isto245,Demo-Teacher
Passa-se isto246,Demo-Teacher
Passa-se isto247,Demo-Teacher
Passa-se isto248,Demo-Teacher
Passa-se isto249,Demo-Teacher
Passa-se isto250,Demo-Teacher
Passa-se isto251,Demo-Teacher
Passa-se isto252,Demo-Teacher
Passa-se isto253,Demo-Teacher
Passa-se isto254,Demo-Teacher
Passa-se isto255,Demo-Teacher
Passa-se isto256,Demo-Teacher
Passa-se isto257,Demo-Teacher
Passa-se isto258,Demo-Teacher
Passa-se isto259,Demo-Teacher
Passa-se isto260,Demo-Teacher
Passa-se isto261,Demo-Teacher
Passa-se isto262,Demo-Teacher
Passa-se isto263,Demo-Teacher
Passa-se isto264,Demo-Teacher
Passa-se isto265,Demo-Teacher
Passa-se isto266,Demo-Teacher
Passa-se isto267,Demo-Teacher
Passa-se isto268,Demo-Teacher
Passa-se isto269,Demo-Teacher
Passa-se isto270,Demo-Teacher
Passa-se isto271,Demo-Teacher
Passa-se isto272,Demo-Teacher
Passa-se isto273,Demo-Teacher
Passa-se isto274,Demo-Teacher
Passa-se isto275,Demo-Teacher
Passa-se isto276,Demo-Teacher
Passa-se isto277,Demo-Teacher
Passa-se isto278,Demo-Teacher
Passa-se isto279,Demo-Teacher
Passa-se isto280,Demo-Teacher
Passa-se isto281,Demo-Teacher
Passa-se isto282,Demo-Teacher
Passa-se isto283,Demo-Teacher
Passa-se isto284,Demo-Teacher
Passa-se isto285,Demo-Teacher
Passa-se isto286,Demo-Teacher
Passa-se isto287,Demo-Teacher
Passa-se isto288,Demo-Teacher
Passa-se isto289,Demo-Teacher
Passa-se isto290,Demo-Teacher
Passa-se isto291,Demo-Teacher
Passa-se isto292,Demo-Teacher
Passa-se isto293,Demo-Teacher
Passa-se isto294,Demo-Teacher
Passa-se isto295,Demo-Teacher
Passa-se isto296,Demo-Teacher
Passa-se isto297,Demo-Teacher
Passa-se isto298,Demo-Teacher
Passa-se isto299,Demo-Teacher
Passa-se isto300,Demo-Teacher
Passa-se isto301,Demo-Teacher
Passa-se isto302,Demo-Teacher
Passa-se isto303,Demo-Teacher
Passa-se isto304,Demo-Teacher
Passa-se isto305,Demo-Teacher
Passa-se isto306,Demo-Teacher
Passa-se isto307,Demo-Teacher
Passa-se isto308,Demo-Teacher
Passa-se isto309,Demo-Teacher
Passa-se isto310,Demo-Teacher
Passa-se isto311,Demo-Teacher
Passa-se isto312,Demo-Teacher
Passa-se isto313,Demo-Teacher
Passa-se isto314,Demo-Teacher
Passa-se isto315,Demo-Teacher
Passa-se isto316,Demo-Teacher
Passa-se isto317,Demo-Teacher
Passa-se isto318,Demo-Teacher
Passa-se isto319,Demo-Teacher
Passa-se isto320,Demo-Teacher
Passa-se isto321,Demo-Teacher
Passa-se isto322,Demo-Teacher
Passa-se isto323,Demo-Teacher
Passa-se isto324,Demo-Teacher
Passa-se isto325,Demo-Teacher
Passa-se isto326,Demo-Teacher
Passa-se isto327,Demo-Teacher
Passa-se isto328,Demo-Teacher
Passa-se isto329,Demo-Teacher
Passa-se isto330,Demo-Teacher
Passa-se isto331,Demo-Teacher
Passa-se isto332,Demo-Teacher
Passa-se isto333,Demo-Teacher
Passa-se isto334,Demo-Teacher
Passa-se isto335,Demo-Teacher
Passa-se isto336,Demo-Teacher
Passa-se isto337,Demo-Teacher
Passa-se isto338,Demo-Teacher
Passa-se isto339,Demo-Teacher
Passa-se isto340,Demo-Teacher
Passa-se isto341,Demo-Teacher
Passa-se isto342,Demo-Teacher
Passa-se isto343,Demo-Teacher
Passa-se isto344,Demo-Teacher
Passa-se isto345,Demo-Teacher
Passa-se isto346,Demo-Teacher
Passa-se isto347,Demo-Teacher
Passa-se isto348,Demo-Teacher
Passa-se isto349,Demo-Teacher
Passa-se isto350,Demo-Teacher
Passa-se isto351,Demo-Teacher
Passa-se isto352,Demo-Teacher
Passa-se isto353,Demo-Teacher
Passa-se isto354,Demo-Teacher
Passa-se isto355,Demo-Teacher
Passa-se isto356,Demo-Teacher
Passa-se isto357,Demo-Teacher
Passa-se isto358,Demo-Teacher
Passa-se isto359,Demo-Teacher
Passa-se isto360,Demo-Teacher
Passa-se isto361,Demo-Teacher
Passa-se isto362,Demo-Teacher
Passa-se isto363,Demo-Teacher
Passa-se isto364,Demo-Teacher
Passa-se isto365,Demo-Teacher
Passa-se isto366,Demo-Teacher
Passa-se isto367,Demo-Teacher
Passa-se isto368,Demo-Teacher
Passa-se isto369,Demo-Teacher
Passa-se isto370,Demo-Teacher
Passa-se isto371,Demo-Teacher
Passa-se isto372,Demo-Teacher
Passa-se isto373,Demo-Teacher
Passa-se isto374,Demo-Teacher
Passa-se isto375,Demo-Teacher
Passa-se isto376,Demo-Teacher
Passa-se isto377,Demo-Teacher
Passa-se isto378,Demo-Teacher
Passa-se isto379,Demo-Teacher
Passa-se isto380,Demo-Teacher
Passa-se isto381,Demo-Teacher
Passa-se isto382,Demo-Teacher
Passa-se isto383,Demo-Teacher
Passa-se isto384,Demo-Teacher
Passa-se isto385,Demo-Teacher
Passa-se isto386,Demo-Teacher
Passa-se isto387,Demo-Teacher
Passa-se isto388,Demo-Teacher
Passa-se isto389,Demo-Teacher
Passa-se isto390,Demo-Teacher
Passa-se isto391,Demo-Teacher
Passa-se isto392,Demo-Teacher
Passa-se isto393,Demo-Teacher
Passa-se isto394,Demo-Teacher
Passa-se isto395,Demo-Teacher
Passa-se isto396,Demo-Teacher
Passa-se isto397,Demo-Teacher
Passa-se isto398,Demo-Teacher
Passa-se isto399,Demo-Teacher
Passa-se isto400,Demo-Teacher
Passa-se isto401,Demo-Teacher
Passa-se isto402,Demo-Teacher
Passa-se isto403,Demo-Teacher
Passa-se isto404,Demo-Teacher
Passa-se isto405,Demo-Teacher
Passa-se isto406,Demo-Teacher
Passa-se isto407,Demo-Teacher
Passa-se isto408,Demo-Teacher
Passa-se isto409,Demo-Teacher
Passa-se isto410,Demo-Teacher
Passa-se isto411,Demo-Teacher
Passa-se isto412,Demo-Teacher
Passa-se isto413,Demo-Teacher
Passa-se isto414,Demo-Teacher
Passa-se isto415,Demo-Teacher
Passa-se isto416,Demo-Teacher
Passa-se isto417,Demo-Teacher
Passa-se isto418,Demo-Teacher
Passa-se isto419,Demo-Teacher
Passa-se isto420,Demo-Teacher
Passa-se isto421,Demo-Teacher
Passa-se isto422,Demo-Teacher
Passa-se isto423,Demo-Teacher
Passa-se isto424,Demo-Teacher
Passa-se isto425,Demo-Teacher
Passa-se isto426,Demo-Teacher
Passa-se isto427,Demo-Teacher
Passa-se isto428,Demo-Teacher
Passa-se isto429,Demo-Teacher
Passa-se isto430,Demo-Teacher
Passa-se isto431,Demo-Teacher
Passa-se isto432,Demo-Teacher
Passa-se isto433,Demo-Teacher
Passa-se isto434,Demo-Teacher
Passa-se isto435,Demo-Teacher
Passa-se isto436,Demo-Teacher
Passa-se isto437,Demo-Teacher
Passa-se isto438,Demo-Teacher
Passa-se isto439,Demo-Teacher
Passa-se isto440,Demo-Teacher
Passa-se isto441,Demo-Teacher
Passa-se isto442,Demo-Teacher
Passa-se isto443,Demo-Teacher
Passa-se isto444,Demo-Teacher
Passa-se isto445,Demo-Teacher
Passa-se isto446,Demo-Teacher
Passa-se isto447,Demo-Teacher
Passa-se isto448,Demo-Teacher
Passa-se isto449,Demo-Teacher
Passa-se isto450,Demo-Teacher
Passa-se isto451,Demo-Teacher
Passa-se isto452,Demo-Teacher
Passa-se isto453,Demo-Teacher
Passa-se isto454,Demo-Teacher
Passa-se isto455,Demo-Teacher
Passa-se isto456,Demo-Teacher
Passa-se isto457,Demo-Teacher
Passa-se isto458,Demo-Teacher
Passa-se isto459,Demo-Teacher
Passa-se isto460,Demo-Teacher
Passa-se isto461,Demo-Teacher
Passa-se isto462,Demo-Teacher
Passa-se isto463,Demo-Teacher
Passa-se isto464,Demo-Teacher
Passa-se isto465,Demo-Teacher
Passa-se isto466,Demo-Teacher
Passa-se isto467,Demo-Teacher
Passa-se isto468,Demo-Teacher
Passa-se isto469,Demo-Teacher
Passa-se isto470,Demo-Teacher
Passa-se isto471,Demo-Teacher
Passa-se isto472,Demo-Teacher
Passa-se isto473,Demo-Teacher
Passa-se isto474,Demo-Teacher
Passa-se isto475,Demo-Teacher
Passa-se isto476,Demo-Teacher
Passa-se isto477,Demo-Teacher
Passa-se isto478,Demo-Teacher
Passa-se isto479,Demo-Teacher
Passa-se isto480,Demo-Teacher
Passa-se isto481,Demo-Teacher
Passa-se isto482,Demo-Teacher
Passa-se isto483,Demo-Teacher
Passa-se isto484,Demo-Teacher
Passa-se isto485,Demo-Teacher
Passa-se isto486,Demo-Teacher
Passa-se isto487,Demo-Teacher
Passa-se isto488,Demo-Teacher
Passa-se isto489,Demo-Teacher
Passa-se isto490,Demo-Teacher
Passa-se isto491,Demo-Teacher
Passa-se isto492,Demo-Teacher
Passa-se isto493,Demo-Teacher
Passa-se isto494,Demo-Teacher
Passa-se isto495,Demo-Teacher
Passa-se isto496,Demo-Teacher
Passa-se isto497,Demo-Teacher
Passa-se isto498,Demo-Teacher
Passa-se isto499,Demo-Teacher
Passa-se isto500,Demo-Teacher
Passa-se isto501,Demo-Teacher
Passa-se isto502,Demo-Teacher
Passa-se isto503,Demo-Teacher
Passa-se isto504,Demo-Teacher
Passa-se isto505,Demo-Teacher
Passa-se isto506,Demo-Teacher
Passa-se isto507,Demo-Teacher
Passa-se isto508,Demo-Teacher
Passa-se isto509,Demo-Teacher
Passa-se isto510,Demo-Teacher
Passa-se isto511,Demo-Teacher
Passa-se isto512,Demo-Teacher
Passa-se isto513,Demo-Teacher
Passa-se isto514,Demo-Teacher
Passa-se isto515,Demo-Teacher
Passa-se isto516,Demo-Teacher
Passa-se isto517,Demo-Teacher
Passa-se isto518,Demo-Teacher
Passa-se isto519,Demo-Teacher
Passa-se isto520,Demo-Teacher
Passa-se isto521,Demo-Teacher
Passa-se isto522,Demo-Teacher
Passa-se isto523,Demo-Teacher
Passa-se isto524,Demo-Teacher
Passa-se isto525,Demo-Teacher
Passa-se isto526,Demo-Teacher
Passa-se isto527,Demo-Teacher
Passa-se isto528,Demo-Teacher
Passa-se isto529,Demo-Teacher
Passa-se isto530,Demo-Teacher
Passa-se isto531,Demo-Teacher
Passa-se isto532,Demo-Teacher
Passa-se isto533,Demo-Teacher
Passa-se isto534,Demo-Teacher
Passa-se isto535,Demo-Teacher
Passa-se isto536,Demo-Teacher
Passa-se isto537,Demo-Teacher
Passa-se isto538,Demo-Teacher
Passa-se isto539,Demo-Teacher
Passa-se isto540,Demo-Teacher
Passa-se isto541,Demo-Teacher
Passa-se isto542,Demo-Teacher
Passa-se isto543,Demo-Teacher
Passa-se isto544,Demo-Teacher
Passa-se isto545,Demo-Teacher
Passa-se isto546,Demo-Teacher
Passa-se isto547,Demo-Teacher
Passa-se isto548,Demo-Teacher
Passa-se isto549,Demo-Teacher
Passa-se isto550,Demo-Teacher
Passa-se isto551,Demo-Teacher
Passa-se isto552,Demo-Teacher
Passa-se isto553,Demo-Teacher
Passa-se isto554,Demo-Teacher
Passa-se isto555,Demo-Teacher
Passa-se isto556,Demo-Teacher
Passa-se isto557,Demo-Teacher
Passa-se isto558,Demo-Teacher
Passa-se isto559,Demo-Teacher
Passa-se isto560,Demo-Teacher
Passa-se isto561,Demo-Teacher
Passa-se isto562,Demo-Teacher
Passa-se isto563,Demo-Teacher
Passa-se isto564,Demo-Teacher
Passa-se isto565,Demo-Teacher
Passa-se isto566,Demo-Teacher
Passa-se isto567,Demo-Teacher
Passa-se isto568,Demo-Teacher
Passa-se isto569,Demo-Teacher
Passa-se isto570,Demo-Teacher
Passa-se isto571,Demo-Teacher
Passa-se isto572,Demo-Teacher
Passa-se isto573,Demo-Teacher
Passa-se isto574,Demo-Teacher
Passa-se isto575,Demo-Teacher
Passa-se isto576,Demo-Teacher
Passa-se isto577,Demo-Teacher
Passa-se isto578,Demo-Teacher
Passa-se isto579,Demo-Teacher
Passa-se isto580,Demo-Teacher
Passa-se isto581,Demo-Teacher
Passa-se isto582,Demo-Teacher
Passa-se isto583,Demo-Teacher
Passa-se isto584,Demo-Teacher
Passa-se isto585,Demo-Teacher
Passa-se isto586,Demo-Teacher
Passa-se isto587,Demo-Teacher
Passa-se isto588,Demo-Teacher
Passa-se isto589,Demo-Teacher
Passa-se isto590,Demo-Teacher
Passa-se isto591,Demo-Teacher
Passa-se isto592,Demo-Teacher
Passa-se isto593,Demo-Teacher
Passa-se isto594,Demo-Teacher
Passa-se isto595,Demo-Teacher
Passa-se isto596,Demo-Teacher
Passa-se isto597,Demo-Teacher
Passa-se isto598,Demo-Teacher
Passa-se isto599,Demo-Teacher
Passa-se isto600,Demo-Teacher
Passa-se isto601,Demo-Teacher
Passa-se isto602,Demo-Teacher
Passa-se isto603,Demo-Teacher
Passa-se isto604,Demo-Teacher
Passa-se isto605,Demo-Teacher
Passa-se isto606,Demo-Teacher
Passa-se isto607,Demo-Teacher
Passa-se isto608,Demo-Teacher
Passa-se isto609,Demo-Teacher
Passa-se isto610,Demo-Teacher
Passa-se isto611,Demo-Teacher
Passa-se isto612,Demo-Teacher
Passa-se isto613,Demo-Teacher
Passa-se isto614,Demo-Teacher
Passa-se isto615,Demo-Teacher
Passa-se isto616,Demo-Teacher
Passa-se isto617,Demo-Teacher
Passa-se isto618,Demo-Teacher
Passa-se isto619,Demo-Teacher
Passa-se isto620,Demo-Teacher
Passa-se isto621,Demo-Teacher
Passa-se isto622,Demo-Teacher
Passa-se isto623,Demo-Teacher
Passa-se isto624,Demo-Teacher
Passa-se isto625,Demo-Teacher
Passa-se isto626,Demo-Teacher
Passa-se isto627,Demo-Teacher
Passa-se isto628,Demo-Teacher
Passa-se isto629,Demo-Teacher
Passa-se isto630,Demo-Teacher
Passa-se isto631,Demo-Teacher
Passa-se isto632,Demo-Teacher
Passa-se isto633,Demo-Teacher
Passa-se isto634,Demo-Teacher
Passa-se isto635,Demo-Teacher
Passa-se isto636,Demo-Teacher
Passa-se isto637,Demo-Teacher
Passa-se isto638,Demo-Teacher
Passa-se isto639,Demo-Teacher
Passa-se isto640,Demo-Teacher
Passa-se isto641,Demo-Teacher
Passa-se isto642,Demo-Teacher
Passa-se isto643,Demo-Teacher
Passa-se isto644,Demo-Teacher
Passa-se isto645,Demo-Teacher
Passa-se isto646,Demo-Teacher
Passa-se isto647,Demo-Teacher
Passa-se isto648,Demo-Teacher
Passa-se isto649,Demo-Teacher
Passa-se isto650,Demo-Teacher
Passa-se isto651,Demo-Teacher
Passa-se isto652,Demo-Teacher
Passa-se isto653,Demo-Teacher
Passa-se isto654,Demo-Teacher
Passa-se isto655,Demo-Teacher
Passa-se isto656,Demo-Teacher
Passa-se isto657,Demo-Teacher
Passa-se isto658,Demo-Teacher
Passa-se isto659,Demo-Teacher
Passa-se isto660,Demo-Teacher
Passa-se isto661,Demo-Teacher
Passa-se isto662,Demo-Teacher
Passa-se isto663,Demo-Teacher
Passa-se isto664,Demo-Teacher
Passa-se isto665,Demo-Teacher
Passa-se isto666,Demo-Teacher
Passa-se isto667,Demo-Teacher
Passa-se isto668,Demo-Teacher
Passa-se isto669,Demo-Teacher
Passa-se isto670,Demo-Teacher
Passa-se isto671,Demo-Teacher
Passa-se isto672,Demo-Teacher
Passa-se isto673,Demo-Teacher
Passa-se isto674,Demo-Teacher
Passa-se isto675,Demo-Teacher
Passa-se isto676,Demo-Teacher
Passa-se isto677,Demo-Teacher
Passa-se isto678,Demo-Teacher
Passa-se isto679,Demo-Teacher
Passa-se isto680,Demo-Teacher
Passa-se isto681,Demo-Teacher
Passa-se isto682,Demo-Teacher
Passa-se isto683,Demo-Teacher
Passa-se isto684,Demo-Teacher
Passa-se isto685,Demo-Teacher
Passa-se isto686,Demo-Teacher
Passa-se isto687,Demo-Teacher
Passa-se isto688,Demo-Teacher
Passa-se isto689,Demo-Teacher
Passa-se isto690,Demo-Teacher
Passa-se isto691,Demo-Teacher
Passa-se isto692,Demo-Teacher
Passa-se isto693,Demo-Teacher
Passa-se isto694,Demo-Teacher
Passa-se isto695,Demo-Teacher
Passa-se isto696,Demo-Teacher
Passa-se isto697,Demo-Teacher
Passa-se isto698,Demo-Teacher
Passa-se isto699,Demo-Teacher
Passa-se isto700,Demo-Teacher
Passa-se isto701,Demo-Teacher
Passa-se isto702,Demo-Teacher
Passa-se isto703,Demo-Teacher
Passa-se isto704,Demo-Teacher
Passa-se isto705,Demo-Teacher
Passa-se isto706,Demo-Teacher
Passa-se isto707,Demo-Teacher
Passa-se isto708,Demo-Teacher
Passa-se isto709,Demo-Teacher
Passa-se isto710,Demo-Teacher
Passa-se isto711,Demo-Teacher
Passa-se isto712,Demo-Teacher
Passa-se isto713,Demo-Teacher
Passa-se isto714,Demo-Teacher
Passa-se isto715,Demo-Teacher
Passa-se isto716,Demo-Teacher
Passa-se isto717,Demo-Teacher
Passa-se isto718,Demo-Teacher
Passa-se isto719,Demo-Teacher
Passa-se isto720,Demo-Teacher
Passa-se isto721,Demo-Teacher
Passa-se isto722,Demo-Teacher
Passa-se isto723,Demo-Teacher
Passa-se isto724,Demo-Teacher
Passa-se isto725,Demo-Teacher
Passa-se isto726,Demo-Teacher
Passa-se isto727,Demo-Teacher
Passa-se isto728,Demo-Teacher
Passa-se isto729,Demo-Teacher
Passa-se isto730,Demo-Teacher
Passa-se isto731,Demo-Teacher
Passa-se isto732,Demo-Teacher
Passa-se isto733,Demo-Teacher
Passa-se isto734,Demo-Teacher
Passa-se isto735,Demo-Teacher
Passa-se isto736,Demo-Teacher
Passa-se isto737,Demo-Teacher
Passa-se isto738,Demo-Teacher
Passa-se isto739,Demo-Teacher
Passa-se isto740,Demo-Teacher
Passa-se isto741,Demo-Teacher
Passa-se isto742,Demo-Teacher
Passa-se isto743,Demo-Teacher
Passa-se isto744,Demo-Teacher
Passa-se isto745,Demo-Teacher
Passa-se isto746,Demo-Teacher
Passa-se isto747,Demo-Teacher
Passa-se isto748,Demo-Teacher
Passa-se isto749,Demo-Teacher
Passa-se isto750,Demo-Teacher
Passa-se isto751,Demo-Teacher
Passa-se isto752,Demo-Teacher
Passa-se isto753,Demo-Teacher
Passa-se isto754,Demo-Teacher
Passa-se isto755,Demo-Teacher
Passa-se isto756,Demo-Teacher
Passa-se isto757,Demo-Teacher
Passa-se isto758,Demo-Teacher
Passa-se isto759,Demo-Teacher
Passa-se isto760,Demo-Teacher
Passa-se isto761,Demo-Teacher
Passa-se isto762,Demo-Teacher
Passa-se isto763,Demo-Teacher
Passa-se isto764,Demo-Teacher
Passa-se isto765,Demo-Teacher
Passa-se isto766,Demo-Teacher
Passa-se isto767,Demo-Teacher
Passa-se isto768,Demo-Teacher
Passa-se isto769,Demo-Teacher
Passa-se isto770,Demo-Teacher
Passa-se isto771,Demo-Teacher
Passa-se isto772,Demo-Teacher
Passa-se isto773,Demo-Teacher
Passa-se isto774,Demo-Teacher
Passa-se isto775,Demo-Teacher
Passa-se isto776,Demo-Teacher
Passa-se isto777,Demo-Teacher
Passa-se isto778,Demo-Teacher
Passa-se isto779,Demo-Teacher
Passa-se isto780,Demo-Teacher
Passa-se isto781,Demo-Teacher
Passa-se isto782,Demo-Teacher
Passa-se isto783,Demo-Teacher
Passa-se isto784,Demo-Teacher
Passa-se isto785,Demo-Teacher
Passa-se isto786,Demo-Teacher
Passa-se isto787,Demo-Teacher
Passa-se isto788,Demo-Teacher
Passa-se isto789,Demo-Teacher
Passa-se isto790,Demo-Teacher
Passa-se isto791,Demo-Teacher
Passa-se isto792,Demo-Teacher
Passa-se isto793,Demo-Teacher
Passa-se isto794,Demo-Teacher
Passa-se isto795,Demo-Teacher
Passa-se isto796,Demo-Teacher
Passa-se isto797,Demo-Teacher
Passa-se isto798,Demo-Teacher
Passa-se isto799,Demo-Teacher
Passa-se isto800,Demo-Teacher
Passa-se isto801,Demo-Teacher
Passa-se isto802,Demo-Teacher
Passa-se isto803,Demo-Teacher
Passa-se isto804,Demo-Teacher
Passa-se isto805,Demo-Teacher
Passa-se isto806,Demo-Teacher
Passa-se isto807,Demo-Teacher
Passa-se isto808,Demo-Teacher
Passa-se isto809,Demo-Teacher
Passa-se isto810,Demo-Teacher
Passa-se isto811,Demo-Teacher
Passa-se isto812,Demo-Teacher
Passa-se isto813,Demo-Teacher
Passa-se isto814,Demo-Teacher
Passa-se isto815,Demo-Teacher
Passa-se isto816,Demo-Teacher
Passa-se isto817,Demo-Teacher
Passa-se isto818,Demo-Teacher
Passa-se isto819,Demo-Teacher
Passa-se isto820,Demo-Teacher
Passa-se isto821,Demo-Teacher
Passa-se isto822,Demo-Teacher
Passa-se isto823,Demo-Teacher
Passa-se isto824,Demo-Teacher
Passa-se isto825,Demo-Teacher
Passa-se isto826,Demo-Teacher
Passa-se isto827,Demo-Teacher
Passa-se isto828,Demo-Teacher
Passa-se isto829,Demo-Teacher
Passa-se isto830,Demo-Teacher
Passa-se isto831,Demo-Teacher
Passa-se isto832,Demo-Teacher
Passa-se isto833,Demo-Teacher
Passa-se isto834,Demo-Teacher
Passa-se isto835,Demo-Teacher
Passa-se isto836,Demo-Teacher
Passa-se isto837,Demo-Teacher
Passa-se isto838,Demo-Teacher
Passa-se isto839,Demo-Teacher
Passa-se isto840,Demo-Teacher
Passa-se isto841,Demo-Teacher
Passa-se isto842,Demo-Teacher
Passa-se isto843,Demo-Teacher
Passa-se isto844,Demo-Teacher
Passa-se isto845,Demo-Teacher
Passa-se isto846,Demo-Teacher
Passa-se isto847,Demo-Teacher
Passa-se isto848,Demo-Teacher
Passa-se isto849,Demo-Teacher
Passa-se isto850,Demo-Teacher
Passa-se isto851,Demo-Teacher
Passa-se isto852,Demo-Teacher
Passa-se isto853,Demo-Teacher
Passa-se isto854,Demo-Teacher
Passa-se isto855,Demo-Teacher
Passa-se isto856,Demo-Teacher
Passa-se isto857,Demo-Teacher
Passa-se isto858,Demo-Teacher
Passa-se isto859,Demo-Teacher
Passa-se isto860,Demo-Teacher
Passa-se isto861,Demo-Teacher
Passa-se isto862,Demo-Teacher
Passa-se isto863,Demo-Teacher
Passa-se isto864,Demo-Teacher
Passa-se isto865,Demo-Teacher
Passa-se isto866,Demo-Teacher
Passa-se isto867,Demo-Teacher
Passa-se isto868,Demo-Teacher
Passa-se isto869,Demo-Teacher
Passa-se isto870,Demo-Teacher
Passa-se isto871,Demo-Teacher
Passa-se isto872,Demo-Teacher
Passa-se isto873,Demo-Teacher
Passa-se isto874,Demo-Teacher
Passa-se isto875,Demo-Teacher
Passa-se isto876,Demo-Teacher
Passa-se isto877,Demo-Teacher
Passa-se isto878,Demo-Teacher
Passa-se isto879,Demo-Teacher
Passa-se isto880,Demo-Teacher
Passa-se isto881,Demo-Teacher
Passa-se isto882,Demo-Teacher
Passa-se isto883,Demo-Teacher
Passa-se isto884,Demo-Teacher
Passa-se isto885,Demo-Teacher
Passa-se isto886,Demo-Teacher
Passa-se isto887,Demo-Teacher
Passa-se isto888,Demo-Teacher
Passa-se isto889,Demo-Teacher
Passa-se isto890,Demo-Teacher
Passa-se isto891,Demo-Teacher
Passa-se isto892,Demo-Teacher
Passa-se isto893,Demo-Teacher
Passa-se isto894,Demo-Teacher
Passa-se isto895,Demo-Teacher
Passa-se isto896,Demo-Teacher
Passa-se isto897,Demo-Teacher
Passa-se isto898,Demo-Teacher
Passa-se isto899,Demo-Teacher
Passa-se isto900,Demo-Teacher
Passa-se isto901,Demo-Teacher
Passa-se isto902,Demo-Teacher
Passa-se isto903,Demo-Teacher
Passa-se isto904,Demo-Teacher
Passa-se isto905,Demo-Teacher
Passa-se isto906,Demo-Teacher
Passa-se isto907,Demo-Teacher
Passa-se isto908,Demo-Teacher
Passa-se isto909,Demo-Teacher
Passa-se isto910,Demo-Teacher
Passa-se isto911,Demo-Teacher
Passa-se isto912,Demo-Teacher
Passa-se isto913,Demo-Teacher
Passa-se isto914,Demo-Teacher
Passa-se isto915,Demo-Teacher
Passa-se isto916,Demo-Teacher
Passa-se isto917,Demo-Teacher
Passa-se isto918,Demo-Teacher
Passa-se isto919,Demo-Teacher
Passa-se isto920,Demo-Teacher
Passa-se isto921,Demo-Teacher
Passa-se isto922,Demo-Teacher
Passa-se isto923,Demo-Teacher
Passa-se isto924,Demo-Teacher
Passa-se isto925,Demo-Teacher
Passa-se isto926,Demo-Teacher
Passa-se isto927,Demo-Teacher
Passa-se isto928,Demo-Teacher
Passa-se isto929,Demo-Teacher
Passa-se isto930,Demo-Teacher
Passa-se isto931,Demo-Teacher
Passa-se isto932,Demo-Teacher
Passa-se isto933,Demo-Teacher
Passa-se isto934,Demo-Teacher
Passa-se isto935,Demo-Teacher
Passa-se isto936,Demo-Teacher
Passa-se isto937,Demo-Teacher
Passa-se isto938,Demo-Teacher
Passa-se isto939,Demo-Teacher
Passa-se isto940,Demo-Teacher
Passa-se isto941,Demo-Teacher
Passa-se isto942,Demo-Teacher
Passa-se isto943,Demo-Teacher
Passa-se isto944,Demo-Teacher
Passa-se isto945,Demo-Teacher
Passa-se isto946,Demo-Teacher
Passa-se isto947,Demo-Teacher
Passa-se isto948,Demo-Teacher
Passa-se isto949,Demo-Teacher
Passa-se isto950,Demo-Teacher
Passa-se isto951,Demo-Teacher
Passa-se isto952,Demo-Teacher
Passa-se isto953,Demo-Teacher
Passa-se isto954,Demo-Teacher
Passa-se isto955,Demo-Teacher
Passa-se isto956,Demo-Teacher
Passa-se isto957,Demo-Teacher
Passa-se isto958,Demo-Teacher
Passa-se isto959,Demo-Teacher
Passa-se isto960,Demo-Teacher
Passa-se isto961,Demo-Teacher
Passa-se isto962,Demo-Teacher
Passa-se isto963,Demo-Teacher
Passa-se isto964,Demo-Teacher
Passa-se isto965,Demo-Teacher
Passa-se isto966,Demo-Teacher
Passa-se isto967,Demo-Teacher
Passa-se isto968,Demo-Teacher
Passa-se isto969,Demo-Teacher
Passa-se isto970,Demo-Teacher
Passa-se isto971,Demo-Teacher
Passa-se isto972,Demo-Teacher
Passa-se isto973,Demo-Teacher
Passa-se isto974,Demo-Teacher
Passa-se isto975,Demo-Teacher
Passa-se isto976,Demo-Teacher
Passa-se isto977,Demo-Teacher
Passa-se isto978,Demo-Teacher
Passa-se isto979,Demo-Teacher
Passa-se isto980,Demo-Teacher
Passa-se isto981,Demo-Teacher
Passa-se isto982,Demo-Teacher
Passa-se isto983,Demo-Teacher
Passa-se isto984,Demo-Teacher
Passa-se isto985,Demo-Teacher
Passa-se isto986,Demo-Teacher
Passa-se isto987,Demo-Teacher
Passa-se isto988,Demo-Teacher
Passa-se isto989,Demo-Teacher
Passa-se isto990,Demo-Teacher
Passa-se isto991,Demo-Teacher
Passa-se isto992,Demo-Teacher
Passa-se isto993,Demo-Teacher
Passa-se isto994,Demo-Teacher
Passa-se isto995,Demo-Teacher
Passa-se isto996,Demo-Teacher
Passa-se isto997,Demo-Teacher
Passa-se isto998,Demo-Teacher
Passa-se isto999,Demo-Teacher
Passa-se isto1000,Demo-Teacher
